message,category
"The quality of teaching in some courses is not up to standard.",Academics
"Many required courses are not available each semester.",Academics
"Academic advising is inconsistent and not very helpful.",Academics
"Grading policies are often unclear and unfair.",Academics
"The curriculum does not seem to be aligned with industry needs.",Academics
"Some professors do not engage with students effectively.",Academics
"Courses are frequently canceled or rescheduled at the last minute.",Academics
"Academic advisors are not accessible during crucial registration periods.",Academics
"Grading is inconsistent among different professors for the same course.",Academics
"The curriculum lacks practical applications and real-world relevance.",Academics
"Teaching quality varies greatly between professors.",Academics
"Many elective courses are either full or not offered frequently enough.",Academics
"Academic advisors do not provide adequate career guidance.",Academics
"Grading policies are not transparent and cause confusion among students.",Academics
"The relevance of some course materials is questionable.",Academics
"Some instructors do not provide timely feedback on assignments.",Academics
"Courses often have outdated materials and methods.",Academics
"Academic advising is often delayed and not effective in solving issues.",Academics
"Grading scales are not consistently applied across different sections.",Academics
"The curriculum does not incorporate recent developments in the field.",Academics
"Teaching methods are outdated and do not engage students effectively.",Academics
"Required courses are sometimes only available during inconvenient times.",Academics
"Academic advisors lack knowledge about certain programs or courses.",Academics
"Grading rubrics are not always clear or available to students.",Academics
"Some courses do not provide sufficient opportunities for hands-on learning.",Academics
"Teaching staff sometimes lack the necessary qualifications for their subjects.",Academics
"Availability of specialized courses is limited and affects students' learning.",Academics
"Academic advising sessions are often too brief and not comprehensive.",Academics
"Grading criteria are not well-communicated or explained.",Academics
"Curriculum updates are slow and do not reflect current trends in the industry.",Academics
"Teaching effectiveness is not regularly assessed or improved.",Academics
"Some courses have a high workload but insufficient support from faculty.",Academics
"Academic advisors are not proactive in providing guidance or support.",Academics
"Grading feedback is often delayed and not constructive.",Academics
"The relevance of assignments and projects to real-world applications is limited.",Academics
"Teaching quality does not meet the expectations set by the course syllabus.",Academics
"Availability of advanced courses in specialized fields is insufficient.",Academics
"Academic advising often lacks a personalized approach to student needs.",Academics
"Grading policies are sometimes arbitrary and not based on clear criteria.",Academics
"The curriculum does not adequately prepare students for professional careers.",Academics
"Some professors do not respond to student queries or concerns in a timely manner.",Academics
"Course offerings are not diverse enough to cater to all academic interests.",Academics
"Academic advising does not include sufficient information about internships or job opportunities.",Academics
"Grading discrepancies between different instructors for similar courses are common.",Academics
"Some course materials are outdated and do not reflect current research or industry standards.",Academics
"Teaching methods do not accommodate different learning styles.",Academics
"Availability of academic resources, like textbooks and online materials, is limited.",Academics
"Academic advising does not always align with students' long-term academic and career goals.",Academics
"Grading policies sometimes result in unexpected or unexplained grade changes.",Academics
"The curriculum lacks integration between theoretical knowledge and practical experience.",Academics
"Quality of teaching needs improvement in certain core subjects.",Academics
message,category
"The college administration never responds to emails or student complaints.","Administration"
"Processing time for administrative requests is unreasonably long.","Administration"
"There's no clear communication about changes in the academic schedule.","Administration"
"Decisions regarding student policies are made without any student input.","Administration"
"Administrative staff are not helpful when resolving issues.","Administration"
"The application process for financial aid is overly complicated.","Administration"
"Updates about class cancellations are not communicated effectively.","Administration"
"The procedures for changing majors are unclear and time-consuming.","Administration"
"There's a lack of transparency about how student fees are utilized.","Administration"
"Feedback on administrative matters is rarely acknowledged or acted upon.","Administration"
"Administrative offices are frequently closed during posted hours.","Administration"
"Important changes in course requirements are not communicated promptly.","Administration"
"The process for resolving grade disputes is inefficient and opaque.","Administration"
"Student concerns are dismissed without proper investigation.","Administration"
"Administrative policies are not consistently applied across different departments.","Administration"
"Information about graduation requirements is not easily accessible.","Administration"
"There's a lack of clarity about the criteria used for awarding scholarships.","Administration"
"Administrative decisions often lack a clear rationale.","Administration"
"Students receive little guidance on navigating administrative processes.","Administration"
"The response time for resolving housing issues is too slow.","Administration"
"Important announcements are not communicated through effective channels.","Administration"
"The process for handling academic grievances is frustratingly slow.","Administration"
"There's no clear process for appealing administrative decisions.","Administration"
"Student feedback on administrative services is not regularly collected.","Administration"
"The handling of student records is disorganized and error-prone.","Administration"
"Communication about academic deadlines is frequently inadequate.","Administration"
"Administrative staff are often unprofessional in their interactions with students.","Administration"
"Changes to course syllabi are not communicated in a timely manner.","Administration"
"The process for obtaining transcripts is cumbersome and delayed.","Administration"
"Administrative decisions affecting students are not made with transparency.","Administration"
"Student complaints are often met with indifference from the administration.","Administration"
"The handling of student petitions lacks consistency and fairness.","Administration"
"Important policy changes are announced with little advance notice.","Administration"
"Administrative procedures for internships and job placements are poorly organized.","Administration"
"There's a lack of clear guidelines for student conduct hearings.","Administration"
"Administrative support for international students is inadequate.","Administration"
"Communication about financial aid status is often delayed.","Administration"
"Administrative changes affecting students are not well communicated.","Administration"
"The process for handling tuition refunds is inefficient and confusing.","Administration"
"Students are not informed about changes to academic policies in a timely manner.","Administration"
"The process for requesting academic accommodations is overly bureaucratic.","Administration"
"Administrative decisions often seem arbitrary and unjustified.","Administration"
"There's insufficient support for students navigating administrative hurdles.","Administration"
"Important updates regarding student services are not communicated effectively.","Administration"
"The process for resolving billing issues is slow and cumbersome.","Administration"
"Student concerns about campus safety are not addressed promptly by the administration.","Administration"
"Communication from the administration regarding extracurricular activities is lacking.","Administration"
"The administrative process for enrolling in courses is confusing and slow.","Administration"
"There's a lack of transparency in the allocation of college resources.","Administration"
"Student complaints about administrative inefficiencies are often ignored.","Administration"
"The process for changing personal information in college records is inefficient.","Administration"
"Administrative updates are often unclear and hard to find.","Administration"
"The handling of student appeals is inconsistent and lacks clear procedures.","Administration"
"Students receive inadequate support when dealing with administrative issues.","Administration"
"Changes to college policies are not communicated effectively to students.","Administration"
"Administrative offices often lack the necessary resources to assist students efficiently.","Administration"
message,category
"The classroom furniture is outdated and uncomfortable.","Facilities"
"Many laboratory instruments are either broken or unavailable.","Facilities"
"The library lacks sufficient reference materials and up-to-date resources.","Facilities"
"The campus grounds are often littered and not well-maintained.","Facilities"
"Study spaces are frequently overcrowded and not well-equipped.","Facilities"
"The classrooms are poorly lit and not conducive to learning.","Facilities"
"Laboratories are not regularly cleaned and are often in disarray.","Facilities"
"The library hours are inconvenient and limit study time.","Facilities"
"The campus cleanliness is a concern, especially in high-traffic areas.","Facilities"
"Study areas lack sufficient power outlets for students’ devices.","Facilities"
"The ventilation in classrooms is inadequate and affects concentration.","Facilities"
"Equipment in the science labs is outdated and needs replacement.","Facilities"
"The library does not have enough seating during peak times.","Facilities"
"The maintenance of restrooms on campus is subpar and needs improvement.","Facilities"
"Study rooms are often reserved and not available when needed.","Facilities"
"Classroom temperatures are inconsistent, making it uncomfortable to study.","Facilities"
"Laboratory safety equipment is not regularly checked or updated.","Facilities"
"The library's digital resources are outdated and slow to access.","Facilities"
"Campus sidewalks and parking lots are poorly maintained and have many potholes.","Facilities"
"The availability of computer labs is limited and they are often full.","Facilities"
"Classroom acoustics are poor, making it hard to hear the lectures clearly.","Facilities"
"Laboratory supplies are frequently out of stock and cause delays in experiments.","Facilities"
"The library's catalog system is difficult to navigate and often inaccurate.","Facilities"
"Cleanliness in the campus dining areas needs improvement.","Facilities"
"Study lounges are noisy and not conducive to focused work.","Facilities"
"Classrooms need better ventilation and air conditioning.","Facilities"
"Laboratory conditions are not regularly inspected for safety.","Facilities"
"The library lacks adequate study materials for specialized subjects.","Facilities"
"Campus maintenance crews do not respond quickly to repair requests.","Facilities"
"Study rooms are often double-booked or not properly managed.","Facilities"
"Classroom technology is outdated and often malfunctions during lectures.","Facilities"
"Laboratories need more modern equipment and resources for effective learning.","Facilities"
"The library’s environment is not conducive to quiet study during exam periods.","Facilities"
"Campus cleanliness issues affect the overall student experience.","Facilities"
"Study areas are often too noisy and lack adequate soundproofing.","Facilities"
"The maintenance of campus facilities is inconsistent and delayed.","Facilities"
"Classroom seating arrangements are not ergonomic and affect comfort.","Facilities"
"Laboratory procedures for handling chemicals are not clearly communicated or enforced.","Facilities"
"The library lacks sufficient computer stations for students' use.","Facilities"
"Campus grounds need better landscaping and upkeep.","Facilities"
"Study spaces lack sufficient lighting and comfortable seating.","Facilities"
"Classroom walls are often stained and need repainting.","Facilities"
"Laboratories are not equipped with adequate safety measures.","Facilities"
"The library’s resource availability is limited during peak study times.","Facilities"
"Campus facilities are not well-signposted, causing confusion for new students.","Facilities"
"Study areas are not cleaned regularly and are often untidy.","Facilities"
"The availability of study aids in the library is insufficient for student needs.","Facilities"
"Classrooms are often overcrowded and do not meet recommended student-to-teacher ratios.","Facilities"
"Laboratory access hours are limited and do not accommodate all students' schedules.","Facilities"
"The library needs more updated journals and periodicals.","Facilities"
"Campus maintenance requests take too long to be addressed.","Facilities"
"Study rooms are not equipped with necessary resources like whiteboards and projectors.","Facilities"
message,category
"The dormitories are outdated and in poor condition.","Housing"
"Rooms in the dormitories are not cleaned regularly.","Housing"
"Roommate assignments are made without considering compatibility.","Housing"
"The safety measures in the dormitories are inadequate.","Housing"
"There is a severe shortage of available housing for students.","Housing"
"The quality of dormitory facilities is below expectations.","Housing"
"Common areas in the dormitories are often dirty and poorly maintained.","Housing"
"Roommate conflicts are not handled effectively by housing staff.","Housing"
"Security in the dormitories is lacking, with frequent unauthorized access.","Housing"
"The waiting list for on-campus housing is excessively long.","Housing"
"The dorm rooms are not well-ventilated and are often uncomfortable.","Housing"
"Maintenance requests for dormitory issues are handled very slowly.","Housing"
"Roommate assignments seem random and do not take student preferences into account.","Housing"
There are no visible security measures like cameras in the dormitories.","Housing"
"The process for obtaining housing is unclear and bureaucratic.","Housing"
"The dormitory bathrooms are often in poor condition and not cleaned frequently.","Housing"
"Roommate disputes are not mediated effectively by the housing department.","Housing"
"The lighting in the dormitories is inadequate and affects safety.","Housing"
"Students are often placed in housing far from their classes or campus facilities.","Housing"
"Repairs in the dormitories are frequently delayed, affecting students' comfort.","Housing"
"Roommate assignments are done without proper consideration of students' needs.","Housing"
"The dormitories lack adequate fire safety measures and protocols.","Housing"
"Finding available housing options is challenging due to high demand.","Housing"
"The dormitory furniture is old and needs replacement.","Housing"
"Shared living spaces in the dormitories are often messy and not well-maintained.","Housing"
"Safety in dormitory areas is compromised due to poor lighting and lack of security personnel.","Housing"
"The process for addressing housing complaints is slow and ineffective.","Housing"
"Students are often placed in dormitories far from their classes and campus facilities.","Housing"
"Cleanliness in the dormitory kitchens is lacking, leading to health concerns.","Housing"
"Roommate selection does not consider student preferences or needs, leading to conflicts.","Housing"
"The lack of security in dormitory buildings makes students feel unsafe.","Housing"
"The availability of on-campus housing is insufficient for the number of students.","Housing"
"The dormitories are often overcrowded, leading to discomfort.","Housing"
"Maintenance issues in the dormitories, such as broken fixtures, are not addressed promptly.","Housing"
"Roommate assignments seem arbitrary and do not consider the students' compatibility.","Housing"
"Security concerns in the dormitories are not taken seriously by the administration.","Housing"
"The quality of housing facilities does not match the high cost of living on campus.","Housing"
"Cleaning staff in the dormitories are not sufficient, leading to unsanitary conditions.","Housing"
"Roommate assignments are made without proper student input or preferences.","Housing"
"Safety procedures in the dormitories are not well communicated to students.","Housing"
"The process for applying for on-campus housing is complicated and frustrating.","Housing"
"The dormitory buildings are old and need significant renovations.","Housing"
"Shared spaces in the dormitories are not cleaned regularly, affecting students' comfort.","Housing"
"Roommate conflicts are not managed well, leading to a stressful living environment.","Housing"
"The dormitory has inadequate security measures, making it unsafe for students.","Housing"
"There is a lack of available dormitory space for incoming students.","Housing"
"Maintaining cleanliness in the dormitories is a major issue, with dirty facilities being a common complaint.","Housing"
"Roommate assignments do not consider the academic schedules or lifestyles of students.","Housing"
"The dormitories lack adequate safety features, such as smoke detectors and emergency exits.","Housing"
"The process for resolving housing issues is slow and inefficient.","Housing"
"Students face difficulties in securing dormitory placements due to high competition.","Housing"
"The dormitory maintenance team is slow to respond to requests, leading to prolonged issues.","Housing"
message,category
"The quality of food in the cafeteria has declined recently.","Food Services"
"There are not enough vegetarian options available in the dining hall.","Food Services"
"The dining areas are often dirty and not well-maintained.","Food Services"
"Healthy food options are limited and not well-promoted.","Food Services"
"The cost of meal plans is too high compared to the quality provided.","Food Services"
"Food served is often cold and not fresh.","Food Services"
"The cafeteria does not offer enough variety in its menu.","Food Services"
"The cleanliness of the dining tables is often neglected.","Food Services"
"There's a lack of gluten-free options available.","Food Services"
"The prices of individual meals are inconsistent and expensive.","Food Services"
"The food quality is inconsistent; sometimes it's great, other times it's subpar.","Food Services"
"There's often a shortage of healthy snacks in the vending machines.","Food Services"
"The dining hall hours are inconvenient and not student-friendly.","Food Services"
"Portion sizes are too small for the price of the meal plan.","Food Services"
"The menu rarely changes, leading to a lack of variety.","Food Services"
"Tables and chairs in the dining area are not regularly cleaned.","Food Services"
"There's a need for more options for students with dietary restrictions.","Food Services"
"The prices for meal plans have increased without a corresponding increase in quality.","Food Services"
"The dining area is often overcrowded and uncomfortable during peak hours.","Food Services"
"Some food items are frequently out of stock or unavailable.","Food Services"
"Service in the cafeteria can be slow and disorganized.","Food Services"
"There's a lack of information about the nutritional value of the food served.","Food Services"
"The quality of the ingredients used in meals is questionable.","Food Services"
"The cafeteria does not offer enough low-cost meal options.","Food Services"
"Food served is often not hot enough and poorly presented.","Food Services"
"The variety of international cuisine offered is limited.","Food Services"
"Cleaning supplies and equipment in the dining areas seem inadequate.","Food Services"
"Healthy meal options are often sold out early in the day.","Food Services"
"The cafeteria staff are sometimes unprofessional and unhelpful.","Food Services"
"The dining hall's ambiance could be improved for a better dining experience.","Food Services"
"The pricing of individual food items is often higher than comparable off-campus options.","Food Services"
"There’s a lack of vegetarian and vegan meal options in the dining hall.","Food Services"
"The food quality in the food court is inconsistent and sometimes unpleasant.","Food Services"
"The cleanliness of the kitchen areas is not up to standard.","Food Services"
"Meal plans should offer more flexibility and choices.","Food Services"
"The food in the cafeteria often lacks seasoning and flavor.","Food Services"
"The availability of allergy-friendly options is insufficient.","Food Services"
"The portion sizes for the price are not value for money.","Food Services"
"The cafeteria does not cater well to students with specific dietary needs.","Food Services"
"Price increases for meal plans are not communicated clearly.","Food Services"
"The dining areas are often noisy and not conducive to studying or relaxing.","Food Services"
"The food quality is inconsistent and often leaves much to be desired.","Food Services"
"The variety of beverages available in the dining hall is limited.","Food Services"
"Cleanliness in the restrooms near the dining areas is not maintained.","Food Services"
"The meal plan options should be more diverse to cater to different tastes.","Food Services"
"Many of the food items are processed and lack fresh ingredients.","Food Services"
"The availability of organic food options is very limited.","Food Services"
"The dining area could benefit from more seating and space management.","Food Services"
"The pricing for special diet plans is not clearly defined or reasonable.","Food Services"
message,category
"The college offers a wide range of extracurricular activities for students to engage in.","Opportunities"
"There are numerous clubs and organizations available for students to join and pursue their interests.","Opportunities"
"Social events organized by the college are frequent and inclusive, catering to diverse interests.","Opportunities"
"The campus culture fosters a strong sense of community and belonging among students.","Opportunities"
"The college provides excellent support for diverse student groups and cultural organizations.","Opportunities"
"Students have ample opportunities to participate in various sports and fitness activities on campus.","Opportunities"
"There are plenty of volunteer opportunities available for students to give back to the community.","Opportunities"
"Academic and career-focused clubs are well-supported and actively engage students.","Opportunities"
"The college hosts regular social mixers and events to help students network and make new friends.","Opportunities"
"The campus offers a vibrant arts scene with regular exhibitions and performances by students.","Opportunities"
"Students have access to a variety of leadership development programs and workshops.","Opportunities"
"The college provides resources and support for starting new student organizations and initiatives.","Opportunities"
"There are numerous networking events with alumni and industry professionals throughout the year.","Opportunities"
"The college actively promotes student involvement in community service and outreach programs.","Opportunities"
"There is a strong emphasis on fostering a diverse and inclusive campus environment.","Opportunities"
"Students can participate in a variety of cultural and international exchange programs.","Opportunities"
"The campus regularly hosts guest speakers and experts on a range of topics and fields.","Opportunities"
"There are multiple student-run media outlets and publications offering hands-on experience.","Opportunities"
"The college supports a range of student-run businesses and entrepreneurial ventures.","Opportunities"
"Students have the chance to collaborate on interdisciplinary projects and research opportunities.","Opportunities"
"The campus community is actively involved in environmental sustainability and green initiatives.","Opportunities"
"There are various mentorship programs connecting students with experienced professionals and alumni.","Opportunities"
"The college provides ample opportunities for students to engage in public speaking and debate activities.","Opportunities"
"Students have access to career fairs and job placement services to assist with future employment.","Opportunities"
"The campus has a thriving student government with opportunities for involvement and leadership.","Opportunities"
"The college offers a variety of study abroad programs to enhance the educational experience.","Opportunities"
"Students can participate in a range of academic and creative competitions and conferences.","Opportunities"
"The campus has numerous recreational facilities for leisure and relaxation.","Opportunities"
"Support is available for students interested in pursuing internships and cooperative education experiences.","Opportunities"
"The college provides access to professional development workshops and certifications.","Opportunities"
"There are plenty of opportunities for students to engage in peer tutoring and academic support roles.","Opportunities"
"The campus hosts regular cultural festivals and events celebrating diversity and inclusion.","Opportunities"
"Students can join a variety of special interest groups and societies to explore new hobbies and passions.","Opportunities"
"The college promotes student participation in local and global advocacy and activism.","Opportunities"
"There are opportunities for students to gain experience through research assistantships and lab work.","Opportunities"
"The campus offers a range of artistic and creative workshops and classes.","Opportunities"
"Students have access to a supportive network of mentors and advisors in their field of study.","Opportunities"
"The college provides platforms for students to showcase their talents and achievements.","Opportunities"
"There are various social clubs and interest groups that cater to a wide range of hobbies and passions.","Opportunities"
"Students are encouraged to participate in leadership training and personal development programs.","Opportunities"
"The campus regularly organizes career development and job readiness seminars.","Opportunities"
"Students have the chance to participate in local community projects and service-learning initiatives.","Opportunities"
"The college offers a variety of recreational and sports leagues for students to join.","Opportunities"
"There are numerous opportunities for students to engage in cross-cultural dialogue and activities.","Opportunities"
"The campus promotes a supportive and collaborative academic environment.","Opportunities"
"Students can access a range of personal growth and wellness programs on campus.","Opportunities"
"The college provides opportunities for students to work on real-world projects with industry partners.","Opportunities"
"Students can get involved in campus governance and decision-making through various committees and councils.","Opportunities"
"The college supports student initiatives that aim to improve campus life and student experiences.","Opportunities"
"The campus offers diverse dining options and cultural food events to enhance the student experience.","Opportunities"
"The college encourages students to participate in innovative and creative problem-solving activities.","Opportunities"
message,category
"Access to campus health services is limited, and appointments are hard to get.","Health Services"
"The quality of medical care provided by the campus clinic is subpar.","Health Services"
"There's inadequate support for mental health issues on campus.","Health Services"
"Counseling services are often booked out weeks in advance, making it hard to get timely help.","Health Services"
"Health and wellness programs offered by the college are not well-publicized.","Health Services"
"The campus health center lacks essential medical equipment and supplies.","Health Services"
"Students often face long wait times for medical consultations.","Health Services"
"Support for mental health issues is minimal and not well-coordinated.","Health Services"
"Counselors on campus are not available during convenient hours for students.","Health Services"
"Wellness programs are infrequent and do not cover a broad range of topics.","Health Services"
"The process for scheduling health services appointments is confusing and inefficient.","Health Services"
"Medical care at the campus health center is often rushed and lacks thoroughness.","Health Services"
"There's a significant gap in mental health support services for students dealing with anxiety and depression.","Health Services"
"Campus counseling services do not offer enough group therapy options.","Health Services"
"Health and wellness programs do not address the diverse needs of the student body.","Health Services"
"Students have difficulty accessing emergency medical care on campus.","Health Services"
"The quality of preventive care and health screenings is lacking.","Health Services"
"There's a need for more mental health awareness campaigns on campus.","Health Services"
"Counseling services are often not culturally sensitive or inclusive.","Health Services"
"Health and wellness resources are scattered and difficult to locate.","Health Services"
"The campus health center does not have extended hours to accommodate students' schedules.","Health Services"
"Medical professionals at the health center lack proper training in handling student-specific issues.","Health Services"
"Mental health services are not integrated with other student support services.","Health Services"
"The college does not provide adequate resources for stress management and wellness.","Health Services"
"Appointments for health services often have long wait times due to high demand.","Health Services"
"Counseling services are limited and do not meet the needs of the entire student population.","Health Services"
"Health and wellness workshops are rarely offered and not well-attended.","Health Services"
"Emergency medical support on campus is insufficient and poorly coordinated.","Health Services"
"Quality of care from campus health services varies significantly depending on the provider.","Health Services"
"Mental health support is often reactive rather than proactive.","Health Services"
"Counseling services lack follow-up care and long-term support options.","Health Services"
"Health and wellness programs do not include adequate resources for managing chronic conditions.","Health Services"
"The campus health center does not have sufficient privacy for consultations.","Health Services"
"Students have difficulty accessing nutritional counseling and support.","Health Services"
"Counseling services do not offer convenient virtual or remote options.","Health Services"
"Health and wellness programs are not inclusive of all student groups and needs.","Health Services"
"The campus health center often lacks sufficient staff to handle peak times.","Health Services"
"Mental health resources are not integrated into the broader student support network.","Health Services"
"Counseling services do not offer a range of therapeutic approaches.","Health Services"
"Health and wellness programs are not adequately evaluated for effectiveness.","Health Services"
"Students face barriers in accessing on-campus health services due to administrative hurdles.","Health Services"
"Medical care provided by the campus clinic often lacks follow-up and continuity.","Health Services"
"Mental health support services are not easily accessible for students with disabilities.","Health Services"
"Counseling services do not provide adequate support for students dealing with trauma.","Health Services"
"Health and wellness programs are not regularly updated to reflect current research and best practices.","Health Services"
"Students encounter difficulties in navigating the health services system on campus.","Health Services"
"The campus health center does not offer comprehensive sexual health services.","Health Services"
"Counseling services do not provide enough support for academic stress and burnout.","Health Services"
"Health and wellness programs do not adequately address issues related to substance abuse.","Health Services"
"Access to mental health resources is uneven and depends heavily on the individual counselor.","Health Services"
message,category
"The computer labs are often overcrowded and not enough for all students.","Technology"
"The Wi-Fi connection on campus is unreliable and frequently drops.","Technology"
"Technical support is slow to respond and often unhelpful.","Technology"
"Online learning platforms frequently experience technical issues and downtime.","Technology"
"Access to specialized software needed for coursework is limited.","Technology"
"Computer lab equipment is outdated and poorly maintained.","Technology"
"The Wi-Fi coverage in some buildings is very poor.","Technology"
"Technical support staff are not available during critical hours.","Technology"
"Online learning resources are often difficult to navigate.","Technology"
"Students struggle to access necessary tools and software for their classes.","Technology"
"The computer labs lack sufficient up-to-date software for current courses.","Technology"
"Wi-Fi speeds are too slow for effective online research and coursework.","Technology"
"Technical support requests take too long to be resolved.","Technology"
"Online learning platforms are not user-friendly and have frequent glitches.","Technology"
"Essential software required for assignments is not available in campus labs.","Technology"
"Computers in the labs are frequently out of order and not repaired in time.","Technology"
"The Wi-Fi network is often overloaded and slows down during peak hours.","Technology"
"Technical support staff lack the expertise to resolve complex issues.","Technology"
"Online course materials are often inaccessible due to platform issues.","Technology"
"The software licensing process is confusing and restrictive.","Technology"
"Lab computers are not regularly updated with the latest security patches.","Technology"
"Wi-Fi signal strength varies significantly across different campus areas.","Technology"
"Technical support is often unresponsive or provides inadequate solutions.","Technology"
"Online learning platforms lack essential features for effective learning.","Technology"
"Students have limited access to advanced software tools needed for their projects.","Technology"
"The computers in the labs are often running outdated versions of software.","Technology"
"Wi-Fi connection drops frequently in the library and study areas.","Technology"
"Technical support hours are not convenient for students with evening classes.","Technology"
"Online learning platforms are often slow and difficult to use during high traffic times.","Technology"
"Access to required academic software is restricted or delayed.","Technology"
"Computer labs are not adequately staffed to assist students during busy times.","Technology"
"Wi-Fi network security is a concern, with frequent issues of unauthorized access.","Technology"
"Technical support lacks proper follow-up on unresolved issues.","Technology"
"Online learning platforms do not integrate well with other academic tools.","Technology"
"Access to necessary software for research is often blocked or unavailable.","Technology"
"Lab computers frequently encounter hardware failures that are not addressed promptly.","Technology"
"Wi-Fi coverage does not extend to all areas of the campus.","Technology"
"Technical support responses are often generic and not tailored to specific problems.","Technology"
"Online course platforms often crash during peak usage times, affecting learning.","Technology"
"Software required for certain classes is only available on a few lab computers.","Technology"
"The computers in the labs are slow and not suitable for intensive tasks.","Technology"
"Wi-Fi connection quality is inconsistent, impacting remote learning and research.","Technology"
"Technical support does not offer enough help with software-related issues.","Technology"
"Online learning platforms have poor user interface design, making navigation difficult.","Technology"
"Access to essential tools and software for projects is limited and inefficient.","Technology"
"Computer lab scheduling is poorly managed, leading to conflicts and overcrowding.","Technology"
"Wi-Fi network outages are common and disrupt academic activities.","Technology"
"Technical support staff are often unavailable during peak periods of student demand.","Technology"
"Online learning platforms do not have adequate troubleshooting resources for students.","Technology"
"Software tools needed for coursework are often outdated and not regularly updated.","Technology"
"Computer labs are not equipped with the latest technology needed for modern courses.","Technology"
"Wi-Fi signal strength is often weak in remote areas of the campus.","Technology"
"Technical support does not provide timely updates on the status of reported issues.","Technology"
"Online learning platforms lack integration with other academic resources and services.","Technology"
"Access to software for specific academic programs is restricted or difficult to obtain.","Technology"
message,category
"There's never enough parking available on campus, especially during peak hours.","Transportation"
"Campus shuttle services are infrequent and often unreliable.","Transportation"
"The public transportation options to and from campus are limited and inconvenient.","Transportation"
"Bike racks are often full, and there aren't enough pedestrian paths around the campus.","Transportation"
"Parking spaces are often taken by staff, leaving students without places to park.","Transportation"
"The campus shuttle schedule is not well communicated and often causes delays.","Transportation"
"Public transport routes do not adequately serve the campus community.","Transportation"
"The sidewalks around campus are poorly maintained and not well lit at night.","Transportation"
"Finding parking close to academic buildings is a constant challenge.","Transportation"
"Shuttle buses are frequently overcrowded and uncomfortable.","Transportation"
"There are no designated bike lanes on or near campus, making cycling unsafe.","Transportation"
"The public transportation options do not run late enough to accommodate evening classes.","Transportation"
"Campus parking fees are too high and not justified by the availability of spaces.","Transportation"
"The campus shuttle service does not cover all areas of the campus, leaving some spots inaccessible.","Transportation"
"Public transit schedules are often out of sync with class schedules, causing inconvenience.","Transportation"
"The bike storage areas are not secure and often result in stolen bikes.","Transportation"
"Shuttle buses are often late, affecting students' timely arrival to classes.","Transportation"
"Parking spots are poorly marked, leading to confusion and congestion.","Transportation"
"There is a lack of bike repair stations on campus for maintenance and emergencies.","Transportation"
"The campus shuttle service is frequently canceled without prior notice.","Transportation"
"Public transportation to the campus is poorly connected with other major transit lines.","Transportation"
"The availability of parking for students with disabilities is inadequate.","Transportation"
"The shuttle service is not accessible for students with mobility issues.","Transportation"
"Bike paths are not well-maintained and often obstructed by campus construction.","Transportation"
"Parking spaces for students are often taken up by faculty and staff.","Transportation"
"The shuttle service often lacks adequate coverage during off-peak hours.","Transportation"
"Public transportation options are too limited to serve the diverse needs of the student body.","Transportation"
"Pedestrian crossings are unsafe and lack proper signals at key campus intersections.","Transportation"
"There are not enough parking spaces for the growing number of students on campus.","Transportation"
"Shuttles are frequently delayed due to traffic and lack of coordination.","Transportation"
"Public transport connections between campus and nearby areas are sparse and unreliable.","Transportation"
"Biking on campus is challenging due to steep hills and lack of proper bike lanes.","Transportation"
"The shuttle service does not have a clear system for tracking bus locations in real-time.","Transportation"
"Parking enforcement is strict, with high fines for minor violations, adding to student stress.","Transportation"
"Public transportation options do not accommodate the needs of students who work late.","Transportation"
"The campus lacks adequate bike repair facilities, making it difficult to maintain bikes.","Transportation"
"The campus shuttle service is often overcrowded, especially during the start and end of classes.","Transportation"
"Parking areas are poorly lit, creating safety concerns for students returning at night.","Transportation"
"Bike paths are often blocked by parked vehicles or construction equipment.","Transportation"
"The shuttle service does not have reliable or timely information about delays or cancellations.","Transportation"
"Public transport routes do not connect well with residential areas where many students live.","Transportation"
"Parking permits are too expensive for the limited number of spaces available.","Transportation"
"The campus bike-sharing program lacks enough bikes and maintenance services.","Transportation"
"Public transport does not provide enough coverage for students living off-campus.","Transportation"
"Shuttle buses are not equipped with proper facilities for students with disabilities.","Transportation"
"Parking space availability is not communicated clearly, leading to unnecessary frustration.","Transportation"
"The campus shuttle service does not run during essential late hours for students with evening classes.","Transportation"
"Bike racks are often damaged and do not provide secure storage for bicycles.","Transportation"
"The campus lacks clear signage for pedestrian routes and bike paths, leading to confusion.","Transportation"
"Public transportation services are not well-coordinated with campus events and activities.","Transportation"
"Parking spaces near key academic buildings are often full, forcing students to park far away.","Transportation"
"Shuttle service lacks coverage for remote areas of the campus, limiting accessibility.","Transportation"
"Bike lanes are often used by pedestrians, making cycling hazardous and frustrating.","Transportation"
"The shuttle service does not provide adequate services during busy times of the semester.","Transportation"
"Public transit schedules are not adjusted to match class schedules, causing issues for students.","Transportation"
message,category
"Tuition fees keep increasing every semester without adequate explanation.","Financial"
"Scholarship opportunities are not well advertised or easily accessible.","Financial"
"Billing statements are often confusing and lack clarity on charges.","Financial"
"The cost of textbooks and required materials is unreasonably high.","Financial"
"There's no clear process for applying for financial aid.","Financial"
"Tuition payment deadlines are not communicated effectively.","Financial"
"Scholarships are awarded based on unclear criteria.","Financial"
"Students often face unexpected fees that are not explained beforehand.","Financial"
"Textbook prices are not disclosed until the first day of class.","Financial"
"Financial aid application processing is slow and inefficient.","Financial"
"There's a lack of transparency regarding how tuition fees are used by the college.","Financial"
"The procedures for disputing billing errors are not well-defined.","Financial"
"Students receive little information about financial aid eligibility requirements.","Financial"
"Scholarship applications are overly complex and time-consuming.","Financial"
"The cost of essential academic materials is not considered in financial aid packages.","Financial"
"Financial aid office staff are not always helpful or knowledgeable.","Financial"
"Billing issues take too long to resolve and cause unnecessary stress.","Financial"
"Students are not informed about changes in tuition fees in advance.","Financial"
"Scholarship funds are sometimes disbursed late, affecting students' financial planning.","Financial"
"Textbook prices are not negotiated to be more affordable for students.","Financial"
"The financial aid process lacks clarity and consistency across different departments.","Financial"
"Tuition fees do not seem to align with the quality of the academic experience provided.","Financial"
"Students are not given a clear breakdown of their billing statements.","Financial"
"Scholarship eligibility criteria are not communicated clearly to students.","Financial"
"Textbooks are often not available for rental, increasing the cost burden on students.","Financial"
"Financial aid applications are rejected without adequate explanations.","Financial"
"There's a lack of communication regarding changes in financial aid policies.","Financial"
"Billing issues are not addressed in a timely manner, causing financial strain.","Financial"
"Scholarships and grants are not distributed fairly among students.","Financial"
"The process for obtaining tuition refunds is slow and unclear.","Financial"
"Students are often surprised by additional fees that were not disclosed at registration.","Financial"
"Textbook costs are not factored into students' financial aid packages.","Financial"
"Financial aid disbursements are delayed, affecting students' ability to pay bills.","Financial"
"There's a lack of detailed information on how tuition fees are allocated.","Financial"
"Scholarship renewals are not automatically processed, requiring additional steps from students.","Financial"
"Students receive insufficient guidance on managing their financial aid effectively.","Financial"
"Textbooks and materials are priced significantly higher than similar resources available elsewhere.","Financial"
"Tuition fees are not proportional to the quality of facilities and services provided.","Financial"
"The financial aid office lacks adequate resources to assist students effectively.","Financial"
"Billing errors are frequent and not corrected promptly.","Financial"
"Scholarship application processes are not transparent and often seem arbitrary.","Financial"
"Students are not given enough time to understand and address billing discrepancies.","Financial"
"Textbook prices are not reduced even when the materials are outdated or used.","Financial"
"Tuition fee increases are not justified or explained to students.","Financial"
"Financial aid information is difficult to find and not user-friendly.","Financial"
"Students often face delays in receiving financial aid payments.","Financial"
"Billing statements do not provide a clear breakdown of each charge and its purpose.","Financial"
"Scholarships are sometimes awarded based on subjective criteria without clear guidelines.","Financial"
"Textbook costs are not considered when setting up payment plans for students.","Financial"
"Financial aid processes are cumbersome and require excessive documentation.","Financial"
"Tuition fees are raised without proper notice or student consultation.","Financial"
"Students experience difficulty in understanding and navigating the billing system.","Financial"
"Scholarship opportunities are not evenly distributed among all eligible students.","Financial"
"Textbooks are often not available in digital format, increasing costs for students.","Financial"
message,category
"New students are subjected to humiliating tasks and verbal abuse by senior students.","Ragging"
"The college administration does not take sufficient action against ragging incidents.","Ragging"
"Senior students force new students to perform demeaning activities as part of ragging.","Ragging"
"There is a lack of effective measures to prevent ragging on campus.","Ragging"
"Students who report ragging are often ignored or face retaliation.","Ragging"
"Ragging incidents are not adequately addressed by the college authorities.","Ragging"
"New students feel unsafe and threatened due to rampant ragging in hostels.","Ragging"
"The college has no clear policy or support system for victims of ragging.","Ragging"
"Senior students use ragging to intimidate and control junior students.","Ragging"
"The college's anti-ragging committee is ineffective in handling complaints.","Ragging"
"Ragging practices include forcing juniors to perform embarrassing stunts in public.","Ragging"
"Students are hesitant to report ragging due to fear of further harassment.","Ragging"
"Ragging is a common issue during the orientation week, affecting new students' mental health.","Ragging"
"Senior students use ragging as a way to exert power and dominance over juniors.","Ragging"
"The college's response to ragging incidents is slow and inadequate.","Ragging"
"New students are often targeted by senior students for ragging, creating a hostile environment.","Ragging"
"Ragging involves physical intimidation and harassment of new students.","Ragging"
"The college lacks effective awareness programs to prevent ragging.","Ragging"
"Victims of ragging often do not receive the support they need from the administration.","Ragging"
"Senior students engage in ragging activities that include public shaming and humiliation.","Ragging"
"The college's measures to combat ragging are not well-communicated to students.","Ragging"
"New students are forced to adhere to unreasonable demands as part of ragging rituals.","Ragging"
"The college needs stricter enforcement of anti-ragging policies to protect new students.","Ragging"
"Senior students who engage in ragging are not held accountable for their actions.","Ragging"
"Ragging incidents are often overlooked, leading to a culture of harassment on campus.","Ragging"
"New students are often coerced into participating in harmful ragging activities.","Ragging"
"The college administration fails to provide a safe and supportive environment for new students.","Ragging"
"Ragging incidents contribute to a negative and stressful college experience for new students.","Ragging"
"Senior students often use ragging to establish hierarchies and control within the student body.","Ragging"
"The college needs better mechanisms for students to report and address ragging concerns.","Ragging"
"Ragging often involves forcing new students to endure uncomfortable and demeaning situations.","Ragging"
"The college's policies on ragging are not effectively implemented or enforced.","Ragging"
"New students are regularly targeted by senior students for inappropriate and humiliating ragging activities.","Ragging"
"Senior students use ragging to create a culture of fear and submission among juniors.","Ragging"
"Instances of ragging are often minimized or dismissed by the college authorities.","Ragging"
"Ragging has led to physical and emotional distress for many new students.","Ragging"
"The college administration needs to take stronger action against ragging perpetrators.","Ragging"
"Ragging often includes verbal abuse and psychological manipulation of new students.","Ragging"
"The college's anti-ragging policies are not well-publicized or enforced effectively.","Ragging"
"New students frequently encounter senior students who use ragging as a means of control.","Ragging"
"Ragging is a pervasive issue that affects the overall atmosphere and safety on campus.","Ragging"
"The college administration should provide more support and resources for victims of ragging.","Ragging"
"Senior students often feel entitled to engage in ragging, believing there are no real consequences.","Ragging"
"Ragging incidents are often not reported due to fear of retaliation or lack of trust in the administration.","Ragging"
"New students feel isolated and vulnerable due to unchecked ragging practices.","Ragging"
"The college needs to implement more effective strategies to combat and prevent ragging.","Ragging"
"Ragging practices disrupt the academic and social integration of new students.","Ragging"
message,category
"Congratulations! You've won a million dollars! Click here to claim your prize.","Spam"
"Get rich quick! Invest in our exclusive opportunity now!","Spam"
"Hello, I need your help with a personal matter. Please reply with your email address.","Spam"
"Don't miss out on this limited-time offer! Buy one get one free on all products!","Spam"
"Free gift card giveaway! Just enter your details and win big!","Spam"
"Urgent! Your account has been compromised. Click the link to secure it now.","Spam"
"Get paid to work from home! Sign up today and start earning money!","Spam"
"Exclusive deal on luxury watches! Limited stock available, act fast!","Spam"
"Claim your free trial of our amazing product now! No credit card required.","Spam"
"Get access to secret online courses and make a fortune! Enroll today!","Spam"
"Congratulations! You've been selected to win a free vacation! Confirm your details now.","Spam"
"Make money fast with this simple investment opportunity! Don't wait, join now!","Spam"
"Free sample of our new product! Just fill out this form and we’ll send it to you.","Spam"
"Earn thousands of dollars working part-time! No experience needed, apply now!","Spam"
"Get the latest tech gadgets at unbeatable prices! Shop now before it's too late!","Spam"
"Unlock special discounts and offers by signing up for our newsletter!","Spam"
"Your loan application has been approved. Contact us to get your funds.","Spam"
"Win a brand new smartphone! Just enter your details for a chance to win.","Spam"
"Click here to receive your free trial of our premium service! Limited time only.","Spam"
"Congratulations! You've been chosen to receive a special gift from us!","Spam"
"Join our online community and start making money today! Sign up now!","Spam"
"Special promotion on fitness equipment! Don't miss out on these amazing deals!","Spam"
"Act now to get free access to exclusive content and tools!","Spam"
"Get a free quote on car insurance! Save big with our special rates!","Spam"
"Limited-time offer on all products! Buy now and save 50%!","Spam"
"Claim your prize! You've won a free shopping spree! Contact us to redeem.","Spam"
"Earn money from home with our easy-to-use platform! Sign up today!","Spam"
"Get your free consultation with our experts! Book now and start improving your life!","Spam"
"Sign up for our free webinar and learn how to make money online!","Spam"
"Congratulations! You've been selected for a special reward! Click to claim.","Spam"
"Limited stock available! Get your free trial now before it's too late!","Spam"
"Don't miss out on our exclusive offer! Save up to 75% on all items!","Spam"
"Get paid for completing simple tasks online! Start earning now!","Spam"
"Get your free gift now! Just enter your details and we’ll send it to you.","Spam"
"Join our VIP club for exclusive discounts and offers! Sign up now!","Spam"
"Claim your free subscription to our premium service! Limited spots available.","Spam"
"Earn cash rewards by participating in our easy surveys! Join today!","Spam"
"Get your free trial of our revolutionary product! No credit card required.","Spam"
"Congratulations! You’ve been pre-approved for a special loan offer! Apply now!","Spam"
"Unlock exclusive content with our special offer! Sign up for free!","Spam"
"Win a free gift card! Enter your details to see if you’ve won.","Spam"
"Get free access to premium features for a limited time! Don't miss out!","Spam"
"Sign up now for a free trial of our popular service! Enjoy unlimited access!","Spam"
"Claim your free consultation with our experts! Limited slots available.","Spam"
"Earn money quickly by joining our online program! Apply today!","Spam"
"Get your free sample of our new product! Limited quantity available.","Spam"
"Exclusive offer: Save 30% on your next purchase! Shop now!","Spam"
"Congratulations! You’re a lucky winner! Click here to claim your prize.","Spam"
"Get access to special deals and offers! Sign up for our newsletter now!","Spam"
"Start earning money from home with our easy program! Sign up now!","Spam"
"Win a free vacation! Enter your details for a chance to win!","Spam"
"Get your free trial of our amazing service! Limited time offer only.","Spam"
"Congratulations! You've been selected for a special offer! Claim now.","Spam"
"Sign up today to get exclusive discounts and offers! Don't miss out!","Spam"
"Get a free quote on insurance! Save money with our special rates!","Spam"
"Join our community and start earning money online! Sign up today!","Spam"
"Get your free gift card by entering your details now! Limited time offer.","Spam"
message,category
"Just saw a cat wearing a hat! So funny!","Spam"
"Did you hear about the new pizza place in town?","Spam"
"I think I left my keys in the car, but I’m not sure.","Spam"
"Yesterday, I had the weirdest dream about flying pigs.","Spam"
"Can't believe it's raining again. I wanted to go for a walk.","Spam"
"I heard there's a new superhero movie coming out next month.","Spam"
"Someone told me that eating bananas before bed is bad for you.","Spam"
"Just got a new phone case. It's really cool!","Spam"
"I saw a rumor that the new coffee shop is opening next week.","Spam"
"My friend says they’re thinking of moving to a different city.","Spam"
"Heard someone talking about a UFO sighting. Interesting, right?","Spam"
"Did you know that penguins propose to their mates with a pebble?","Spam"
"I'm thinking of getting a new pet. Maybe a dog or a cat?","Spam"
"Rumor has it that the next big sale at the mall starts tomorrow.","Spam"
"Just finished a book about space travel. It was fascinating!","Spam"
"Someone mentioned there’s a new game console being released soon.","Spam"
"I’m planning to redecorate my room this weekend. Any suggestions?","Spam"
"Have you seen the latest episode of that popular TV show?","Spam"
"Thinking of trying out a new recipe for dinner tonight.","Spam"
"Just heard that a famous actor is coming to our city next month.","Spam"
"I’m really into gardening lately. It's so relaxing!","Spam"
"Someone said they saw a celebrity at the coffee shop yesterday.","Spam"
"Have you tried the new ice cream flavor? It’s amazing!","Spam"
"Just saw a cool video of a dog skateboarding on social media.","Spam"
"Heard a rumor about a new trend in fashion this season.","Spam"
"I'm considering taking up a new hobby, maybe painting or photography.","Spam"
"Someone told me that eating chocolate can help improve your mood.","Spam"
"Did you hear about the new art exhibit opening this weekend?","Spam"
"I'm thinking of starting a blog about my travel experiences.","Spam"
"Just read an interesting article about the benefits of meditation.","Spam"
"Rumor has it that there will be a big music festival in the park.","Spam"
"Just got a new book on history. Can’t wait to start reading it!","Spam"
"Heard that the local farmer's market has fresh produce this week.","Spam"
"I'm planning a weekend trip to the mountains. Excited!","Spam"
"Someone mentioned that a new restaurant is opening downtown.","Spam"
"Did you know that dolphins have names for each other?","Spam"
"I'm thinking of getting a new pair of shoes. Any recommendations?","Spam"
"Just saw an amazing sunset while driving home. So beautiful!","Spam"
"Heard a rumor that there’s a pop-up market happening soon.","Spam"
"I’m planning to visit a museum this weekend. Should be fun!","Spam"
"Someone said they found a lost pet in the neighborhood.","Spam"
"Did you see the viral video of the cat playing the piano?","Spam"
"I'm considering joining a local book club. Anyone interested?","Spam"
"Rumor has it that there will be a surprise guest at the concert.","Spam"
"Just found a great new café with delicious pastries.","Spam"
"Someone mentioned that there’s a new hiking trail opening soon.","Spam"
"I'm thinking of trying out a new yoga class this week.","Spam"
"Did you hear about the new tech gadget that just launched?","Spam"
"Just saw a beautiful rainbow after the rain. So vibrant!","Spam"
"I'm planning to take a photography class next month. Exciting!","Spam"
"Heard that there’s a big art sale happening this weekend.","Spam"
"Did you know that octopuses have three hearts?","Spam"
